{
  "V_1_19": {
    "protection": 0,
    "fire_protection": 1,
    "feather_falling": 2,
    "blast_protection": 3,
    "projectile_protection": 4,
    "respiration": 5,
    "aqua_affinity": 6,
    "thorns": 7,
    "depth_strider": 8,
    "frost_walker": 9,
    "binding_curse": 10,
    "soul_speed": 11,
    "swift_sneak": 12,
    "sharpness": 13,
    "smite": 14,
    "bane_of_arthropods": 15,
    "knockback": 16,
    "fire_aspect": 17,
    "looting": 18,
    "sweeping": 19,
    "efficiency": 20,
    "silk_touch": 21,
    "unbreaking": 22,
    "fortune": 23,
    "power": 24,
    "punch": 25,
    "flame": 26,
    "infinity": 27,
    "luck_of_the_sea": 28,
    "lure": 29,
    "loyalty": 30,
    "impaling": 31,
    "riptide": 32,
    "channeling": 33,
    "multishot": 34,
    "quick_charge": 35,
    "piercing": 36,
    "mending": 37,
    "vanishing_curse": 38
  },
  "V_1_16": {
    "protection": 0,
    "fire_protection": 1,
    "feather_falling": 2,
    "blast_protection": 3,
    "projectile_protection": 4,
    "respiration": 5,
    "aqua_affinity": 6,
    "thorns": 7,
    "depth_strider": 8,
    "frost_walker": 9,
    "binding_curse": 10,
    "soul_speed": 11,
    "sharpness": 12,
    "smite": 13,
    "bane_of_arthropods": 14,
    "knockback": 15,
    "fire_aspect": 16,
    "looting": 17,
    "sweeping": 18,
    "efficiency": 19,
    "silk_touch": 20,
    "unbreaking": 21,
    "fortune": 22,
    "power": 23,
    "punch": 24,
    "flame": 25,
    "infinity": 26,
    "luck_of_the_sea": 27,
    "lure": 28,
    "loyalty": 29,
    "impaling": 30,
    "riptide": 31,
    "channeling": 32,
    "multishot": 33,
    "quick_charge": 34,
    "piercing": 35,
    "mending": 36,
    "vanishing_curse": 37
  },
  "V_1_14": {
    "protection": 0,
    "fire_protection": 1,
    "feather_falling": 2,
    "blast_protection": 3,
    "projectile_protection": 4,
    "respiration": 5,
    "aqua_affinity": 6,
    "thorns": 7,
    "depth_strider": 8,
    "frost_walker": 9,
    "binding_curse": 10,
    "sharpness": 11,
    "smite": 12,
    "bane_of_arthropods": 13,
    "knockback": 14,
    "fire_aspect": 15,
    "looting": 16,
    "sweeping": 17,
    "efficiency": 18,
    "silk_touch": 19,
    "unbreaking": 20,
    "fortune": 21,
    "power": 22,
    "punch": 23,
    "flame": 24,
    "infinity": 25,
    "luck_of_the_sea": 26,
    "lure": 27,
    "loyalty": 28,
    "impaling": 29,
    "riptide": 30,
    "channeling": 31,
    "multishot": 32,
    "quick_charge": 33,
    "piercing": 34,
    "mending": 35,
    "vanishing_curse": 36
  },
  "V_1_13": {
    "protection": 0,
    "fire_protection": 1,
    "feather_falling": 2,
    "blast_protection": 3,
    "projectile_protection": 4,
    "respiration": 5,
    "aqua_affinity": 6,
    "thorns": 7,
    "depth_strider": 8,
    "frost_walker": 9,
    "binding_curse": 10,
    "sharpness": 11,
    "smite": 12,
    "bane_of_arthropods": 13,
    "knockback": 14,
    "fire_aspect": 15,
    "looting": 16,
    "sweeping": 17,
    "efficiency": 18,
    "silk_touch": 19,
    "unbreaking": 20,
    "fortune": 21,
    "power": 22,
    "punch": 23,
    "flame": 24,
    "infinity": 25,
    "luck_of_the_sea": 26,
    "lure": 27,
    "loyalty": 28,
    "impaling": 29,
    "riptide": 30,
    "channeling": 31,
    "mending": 32,
    "vanishing_curse": 33
  },
  "V_1_12": {
    "protection": 0,
    "fire_protection": 1,
    "feather_falling": 2,
    "blast_protection": 3,
    "projectile_protection": 4,
    "respiration": 5,
    "aqua_affinity": 6,
    "thorns": 7,
    "depth_strider": 8,
    "frost_walker": 9,
    "binding_curse": 10,
    "sharpness": 16,
    "smite": 17,
    "bane_of_arthropods": 18,
    "knockback": 19,
    "fire_aspect": 20,
    "looting": 21,
    "sweeping": 22,
    "efficiency": 32,
    "silk_touch": 33,
    "unbreaking": 34,
    "fortune": 35,
    "power": 48,
    "punch": 49,
    "flame": 50,
    "infinity": 51,
    "luck_of_the_sea": 61,
    "lure": 62,
    "mending": 70,
    "vanishing_curse": 71
  }
}