{
  "V_1_19_4": {
    "byte": 0,
    "int": 1,
    "long": 2,
    "float": 3,
    "string": 4,
    "component": 5,
    "optional_component": 6,
    "itemstack": 7,
    "boolean": 8,
    "rotation": 9,
    "block_position": 10,
    "optional_block_position": 11,
    "block_face": 12,
    "optional_uuid": 13,
    "block_state": 14,
    "optional_block_state": 15,
    "nbt": 16,
    "particle": 17,
    "villager_data": 18,
    "optional_int": 19,
    "entity_pose": 20,
    "cat_variant_type": 21,
    "frog_variant_type": 22,
    "optional_global_position": 23,
    "painting_variant_type": 24,
    "sniffer_state": 25,
    "vector3f": 26,
    "quaternion": 27
  },
  "V_1_19_3": {
    "byte": 0,
    "int": 1,
    "long": 2,
    "float": 3,
    "string": 4,
    "component": 5,
    "optional_component": 6,
    "itemstack": 7,
    "boolean": 8,
    "rotation": 9,
    "block_position": 10,
    "optional_block_position": 11,
    "block_face": 12,
    "optional_uuid": 13,
    "optional_block_state": 14,
    "nbt": 15,
    "particle": 16,
    "villager_data": 17,
    "optional_int": 18,
    "entity_pose": 19,
    "cat_variant_type": 20,
    "frog_variant_type": 21,
    "optional_global_position": 22,
    "painting_variant_type": 23
  },
  "V_1_19": {
    "byte": 0,
    "int": 1,
    "float": 2,
    "string": 3,
    "component": 4,
    "optional_component": 5,
    "itemstack": 6,
    "boolean": 7,
    "rotation": 8,
    "block_position": 9,
    "optional_block_position": 10,
    "block_face": 11,
    "optional_uuid": 12,
    "optional_block_state": 13,
    "nbt": 14,
    "particle": 15,
    "villager_data": 16,
    "optional_int": 17,
    "entity_pose": 18,
    "cat_variant_type": 19,
    "frog_variant_type": 20,
    "optional_global_position": 21,
    "painting_variant_type": 22
  },
  "V_1_14": {
    "byte": 0,
    "int": 1,
    "float": 2,
    "string": 3,
    "component": 4,
    "optional_component": 5,
    "itemstack": 6,
    "boolean": 7,
    "rotation": 8,
    "block_position": 9,
    "optional_block_position": 10,
    "block_face": 11,
    "optional_uuid": 12,
    "optional_block_state": 13,
    "nbt": 14,
    "particle": 15,
    "villager_data": 16,
    "optional_int": 17,
    "entity_pose": 18
  },
  "V_1_13": {
    "byte": 0,
    "int": 1,
    "float": 2,
    "string": 3,
    "component": 4,
    "optional_component": 5,
    "itemstack": 6,
    "boolean": 7,
    "rotation": 8,
    "block_position": 9,
    "optional_block_position": 10,
    "block_face": 11,
    "optional_uuid": 12,
    "optional_block_state": 13,
    "nbt": 14,
    "particle": 15
  },
  "V_1_11": {
    "byte": 0,
    "int": 1,
    "float": 2,
    "string": 3,
    "component": 4,
    "itemstack": 5,
    "boolean": 6,
    "rotation": 7,
    "block_position": 8,
    "optional_block_position": 9,
    "block_face": 10,
    "optional_uuid": 11,
    "optional_block_state": 12,
    "nbt": 13
  },
  "V_1_9": {
    "byte": 0,
    "int": 1,
    "float": 2,
    "string": 3,
    "component": 4,
    "optional_itemstack": 5,
    "boolean": 6,
    "rotation": 7,
    "block_position": 8,
    "optional_block_position": 9,
    "block_face": 10,
    "optional_uuid": 11,
    "optional_block_state": 12
  },
  "V_1_8": {
    "byte": 0,
    "short": 1,
    "int": 2,
    "float": 3,
    "string": 4,
    "itemstack": 5,
    "block_position": 6,
    "rotation": 7
  }
}