{
  "V_1_20_3": {
    "allay": 0,
    "area_effect_cloud": 1,
    "armor_stand": 2,
    "arrow": 3,
    "axolotl": 4,
    "bat": 5,
    "bee": 6,
    "blaze": 7,
    "block_display": 8,
    "boat": 9,
    "breeze": 10,
    "camel": 11,
    "cat": 12,
    "cave_spider": 13,
    "chest_boat": 14,
    "chest_minecart": 15,
    "chicken": 16,
    "cod": 17,
    "command_block_minecart": 18,
    "cow": 19,
    "creeper": 20,
    "dolphin": 21,
    "donkey": 22,
    "dragon_fireball": 23,
    "drowned": 24,
    "egg": 25,
    "elder_guardian": 26,
    "end_crystal": 27,
    "ender_dragon": 28,
    "ender_pearl": 29,
    "enderman": 30,
    "endermite": 31,
    "evoker": 32,
    "evoker_fangs": 33,
    "experience_bottle": 34,
    "experience_orb": 35,
    "eye_of_ender": 36,
    "falling_block": 37,
    "firework_rocket": 38,
    "fox": 39,
    "frog": 40,
    "furnace_minecart": 41,
    "ghast": 42,
    "giant": 43,
    "glow_item_frame": 44,
    "glow_squid": 45,
    "goat": 46,
    "guardian": 47,
    "hoglin": 48,
    "hopper_minecart": 49,
    "horse": 50,
    "husk": 51,
    "illusioner": 52,
    "interaction": 53,
    "iron_golem": 54,
    "item": 55,
    "item_display": 56,
    "item_frame": 57,
    "fireball": 58,
    "leash_knot": 59,
    "lightning_bolt": 60,
    "llama": 61,
    "llama_spit": 62,
    "magma_cube": 63,
    "marker": 64,
    "minecart": 65,
    "mooshroom": 66,
    "mule": 67,
    "ocelot": 68,
    "painting": 69,
    "panda": 70,
    "parrot": 71,
    "phantom": 72,
    "pig": 73,
    "piglin": 74,
    "piglin_brute": 75,
    "pillager": 76,
    "polar_bear": 77,
    "potion": 78,
    "pufferfish": 79,
    "rabbit": 80,
    "ravager": 81,
    "salmon": 82,
    "sheep": 83,
    "shulker": 84,
    "shulker_bullet": 85,
    "silverfish": 86,
    "skeleton": 87,
    "skeleton_horse": 88,
    "slime": 89,
    "small_fireball": 90,
    "sniffer": 91,
    "snow_golem": 92,
    "snowball": 93,
    "spawner_minecart": 94,
    "spectral_arrow": 95,
    "spider": 96,
    "squid": 97,
    "stray": 98,
    "strider": 99,
    "tadpole": 100,
    "text_display": 101,
    "tnt": 102,
    "tnt_minecart": 103,
    "trader_llama": 104,
    "trident": 105,
    "tropical_fish": 106,
    "turtle": 107,
    "vex": 108,
    "villager": 109,
    "vindicator": 110,
    "wandering_trader": 111,
    "warden": 112,
    "wind_charge": 113,
    "witch": 114,
    "wither": 115,
    "wither_skeleton": 116,
    "wither_skull": 117,
    "wolf": 118,
    "zoglin": 119,
    "zombie": 120,
    "zombie_horse": 121,
    "zombie_villager": 122,
    "zombified_piglin": 123,
    "player": 124,
    "fishing_bobber": 125
  },
  "V_1_19_4": {
    "allay": 0,
    "area_effect_cloud": 1,
    "armor_stand": 2,
    "arrow": 3,
    "axolotl": 4,
    "bat": 5,
    "bee": 6,
    "blaze": 7,
    "block_display": 8,
    "boat": 9,
    "camel": 10,
    "cat": 11,
    "cave_spider": 12,
    "chest_boat": 13,
    "chest_minecart": 14,
    "chicken": 15,
    "cod": 16,
    "command_block_minecart": 17,
    "cow": 18,
    "creeper": 19,
    "dolphin": 20,
    "donkey": 21,
    "dragon_fireball": 22,
    "drowned": 23,
    "egg": 24,
    "elder_guardian": 25,
    "end_crystal": 26,
    "ender_dragon": 27,
    "ender_pearl": 28,
    "enderman": 29,
    "endermite": 30,
    "evoker": 31,
    "evoker_fangs": 32,
    "experience_bottle": 33,
    "experience_orb": 34,
    "eye_of_ender": 35,
    "falling_block": 36,
    "firework_rocket": 37,
    "fox": 38,
    "frog": 39,
    "furnace_minecart": 40,
    "ghast": 41,
    "giant": 42,
    "glow_item_frame": 43,
    "glow_squid": 44,
    "goat": 45,
    "guardian": 46,
    "hoglin": 47,
    "hopper_minecart": 48,
    "horse": 49,
    "husk": 50,
    "illusioner": 51,
    "interaction": 52,
    "iron_golem": 53,
    "item": 54,
    "item_display": 55,
    "item_frame": 56,
    "fireball": 57,
    "leash_knot": 58,
    "lightning_bolt": 59,
    "llama": 60,
    "llama_spit": 61,
    "magma_cube": 62,
    "marker": 63,
    "minecart": 64,
    "mooshroom": 65,
    "mule": 66,
    "ocelot": 67,
    "painting": 68,
    "panda": 69,
    "parrot": 70,
    "phantom": 71,
    "pig": 72,
    "piglin": 73,
    "piglin_brute": 74,
    "pillager": 75,
    "polar_bear": 76,
    "potion": 77,
    "pufferfish": 78,
    "rabbit": 79,
    "ravager": 80,
    "salmon": 81,
    "sheep": 82,
    "shulker": 83,
    "shulker_bullet": 84,
    "silverfish": 85,
    "skeleton": 86,
    "skeleton_horse": 87,
    "slime": 88,
    "small_fireball": 89,
    "sniffer": 90,
    "snow_golem": 91,
    "snowball": 92,
    "spawner_minecart": 93,
    "spectral_arrow": 94,
    "spider": 95,
    "squid": 96,
    "stray": 97,
    "strider": 98,
    "tadpole": 99,
    "text_display": 100,
    "tnt": 101,
    "tnt_minecart": 102,
    "trader_llama": 103,
    "trident": 104,
    "tropical_fish": 105,
    "turtle": 106,
    "vex": 107,
    "villager": 108,
    "vindicator": 109,
    "wandering_trader": 110,
    "warden": 111,
    "witch": 112,
    "wither": 113,
    "wither_skeleton": 114,
    "wither_skull": 115,
    "wolf": 116,
    "zoglin": 117,
    "zombie": 118,
    "zombie_horse": 119,
    "zombie_villager": 120,
    "zombified_piglin": 121,
    "player": 122,
    "fishing_bobber": 123
  },
  "V_1_19_3": {
    "allay": 0,
    "area_effect_cloud": 1,
    "armor_stand": 2,
    "arrow": 3,
    "axolotl": 4,
    "bat": 5,
    "bee": 6,
    "blaze": 7,
    "boat": 8,
    "chest_boat": 9,
    "cat": 10,
    "camel": 11,
    "cave_spider": 12,
    "chicken": 13,
    "cod": 14,
    "cow": 15,
    "creeper": 16,
    "dolphin": 17,
    "donkey": 18,
    "dragon_fireball": 19,
    "drowned": 20,
    "elder_guardian": 21,
    "end_crystal": 22,
    "ender_dragon": 23,
    "enderman": 24,
    "endermite": 25,
    "evoker": 26,
    "evoker_fangs": 27,
    "experience_orb": 28,
    "eye_of_ender": 29,
    "falling_block": 30,
    "firework_rocket": 31,
    "fox": 32,
    "frog": 33,
    "ghast": 34,
    "giant": 35,
    "glow_item_frame": 36,
    "glow_squid": 37,
    "goat": 38,
    "guardian": 39,
    "hoglin": 40,
    "horse": 41,
    "husk": 42,
    "illusioner": 43,
    "iron_golem": 44,
    "item": 45,
    "item_frame": 46,
    "fireball": 47,
    "leash_knot": 48,
    "lightning_bolt": 49,
    "llama": 50,
    "llama_spit": 51,
    "magma_cube": 52,
    "marker": 53,
    "minecart": 54,
    "chest_minecart": 55,
    "command_block_minecart": 56,
    "furnace_minecart": 57,
    "hopper_minecart": 58,
    "spawner_minecart": 59,
    "tnt_minecart": 60,
    "mule": 61,
    "mooshroom": 62,
    "ocelot": 63,
    "painting": 64,
    "panda": 65,
    "parrot": 66,
    "phantom": 67,
    "pig": 68,
    "piglin": 69,
    "piglin_brute": 70,
    "pillager": 71,
    "polar_bear": 72,
    "tnt": 73,
    "pufferfish": 74,
    "rabbit": 75,
    "ravager": 76,
    "salmon": 77,
    "sheep": 78,
    "shulker": 79,
    "shulker_bullet": 80,
    "silverfish": 81,
    "skeleton": 82,
    "skeleton_horse": 83,
    "slime": 84,
    "small_fireball": 85,
    "snow_golem": 86,
    "snowball": 87,
    "spectral_arrow": 88,
    "spider": 89,
    "squid": 90,
    "stray": 91,
    "strider": 92,
    "tadpole": 93,
    "egg": 94,
    "ender_pearl": 95,
    "experience_bottle": 96,
    "potion": 97,
    "trident": 98,
    "trader_llama": 99,
    "tropical_fish": 100,
    "turtle": 101,
    "vex": 102,
    "villager": 103,
    "vindicator": 104,
    "wandering_trader": 105,
    "warden": 106,
    "witch": 107,
    "wither": 108,
    "wither_skeleton": 109,
    "wither_skull": 110,
    "wolf": 111,
    "zoglin": 112,
    "zombie": 113,
    "zombie_horse": 114,
    "zombie_villager": 115,
    "zombified_piglin": 116,
    "player": 117,
    "fishing_bobber": 118
  },
  "V_1_19": {
    "allay": 0,
    "area_effect_cloud": 1,
    "armor_stand": 2,
    "arrow": 3,
    "axolotl": 4,
    "bat": 5,
    "bee": 6,
    "blaze": 7,
    "boat": 8,
    "chest_boat": 9,
    "cat": 10,
    "cave_spider": 11,
    "chicken": 12,
    "cod": 13,
    "cow": 14,
    "creeper": 15,
    "dolphin": 16,
    "donkey": 17,
    "dragon_fireball": 18,
    "drowned": 19,
    "elder_guardian": 20,
    "end_crystal": 21,
    "ender_dragon": 22,
    "enderman": 23,
    "endermite": 24,
    "evoker": 25,
    "evoker_fangs": 26,
    "experience_orb": 27,
    "eye_of_ender": 28,
    "falling_block": 29,
    "firework_rocket": 30,
    "fox": 31,
    "frog": 32,
    "ghast": 33,
    "giant": 34,
    "glow_item_frame": 35,
    "glow_squid": 36,
    "goat": 37,
    "guardian": 38,
    "hoglin": 39,
    "horse": 40,
    "husk": 41,
    "illusioner": 42,
    "iron_golem": 43,
    "item": 44,
    "item_frame": 45,
    "fireball": 46,
    "leash_knot": 47,
    "lightning_bolt": 48,
    "llama": 49,
    "llama_spit": 50,
    "magma_cube": 51,
    "marker": 52,
    "minecart": 53,
    "chest_minecart": 54,
    "command_block_minecart": 55,
    "furnace_minecart": 56,
    "hopper_minecart": 57,
    "spawner_minecart": 58,
    "tnt_minecart": 59,
    "mule": 60,
    "mooshroom": 61,
    "ocelot": 62,
    "painting": 63,
    "panda": 64,
    "parrot": 65,
    "phantom": 66,
    "pig": 67,
    "piglin": 68,
    "piglin_brute": 69,
    "pillager": 70,
    "polar_bear": 71,
    "tnt": 72,
    "pufferfish": 73,
    "rabbit": 74,
    "ravager": 75,
    "salmon": 76,
    "sheep": 77,
    "shulker": 78,
    "shulker_bullet": 79,
    "silverfish": 80,
    "skeleton": 81,
    "skeleton_horse": 82,
    "slime": 83,
    "small_fireball": 84,
    "snow_golem": 85,
    "snowball": 86,
    "spectral_arrow": 87,
    "spider": 88,
    "squid": 89,
    "stray": 90,
    "strider": 91,
    "tadpole": 92,
    "egg": 93,
    "ender_pearl": 94,
    "experience_bottle": 95,
    "potion": 96,
    "trident": 97,
    "trader_llama": 98,
    "tropical_fish": 99,
    "turtle": 100,
    "vex": 101,
    "villager": 102,
    "vindicator": 103,
    "wandering_trader": 104,
    "warden": 105,
    "witch": 106,
    "wither": 107,
    "wither_skeleton": 108,
    "wither_skull": 109,
    "wolf": 110,
    "zoglin": 111,
    "zombie": 112,
    "zombie_horse": 113,
    "zombie_villager": 114,
    "zombified_piglin": 115,
    "player": 116,
    "fishing_bobber": 117
  },
  "V_1_17": {
    "area_effect_cloud": 0,
    "armor_stand": 1,
    "arrow": 2,
    "axolotl": 3,
    "bat": 4,
    "bee": 5,
    "blaze": 6,
    "boat": 7,
    "cat": 8,
    "cave_spider": 9,
    "chicken": 10,
    "cod": 11,
    "cow": 12,
    "creeper": 13,
    "dolphin": 14,
    "donkey": 15,
    "dragon_fireball": 16,
    "drowned": 17,
    "elder_guardian": 18,
    "end_crystal": 19,
    "ender_dragon": 20,
    "enderman": 21,
    "endermite": 22,
    "evoker": 23,
    "evoker_fangs": 24,
    "experience_orb": 25,
    "eye_of_ender": 26,
    "falling_block": 27,
    "firework_rocket": 28,
    "fox": 29,
    "ghast": 30,
    "giant": 31,
    "glow_item_frame": 32,
    "glow_squid": 33,
    "goat": 34,
    "guardian": 35,
    "hoglin": 36,
    "horse": 37,
    "husk": 38,
    "illusioner": 39,
    "iron_golem": 40,
    "item": 41,
    "item_frame": 42,
    "fireball": 43,
    "leash_knot": 44,
    "lightning_bolt": 45,
    "llama": 46,
    "llama_spit": 47,
    "magma_cube": 48,
    "marker": 49,
    "minecart": 50,
    "chest_minecart": 51,
    "command_block_minecart": 52,
    "furnace_minecart": 53,
    "hopper_minecart": 54,
    "spawner_minecart": 55,
    "tnt_minecart": 56,
    "mule": 57,
    "mooshroom": 58,
    "ocelot": 59,
    "painting": 60,
    "panda": 61,
    "parrot": 62,
    "phantom": 63,
    "pig": 64,
    "piglin": 65,
    "piglin_brute": 66,
    "pillager": 67,
    "polar_bear": 68,
    "tnt": 69,
    "pufferfish": 70,
    "rabbit": 71,
    "ravager": 72,
    "salmon": 73,
    "sheep": 74,
    "shulker": 75,
    "shulker_bullet": 76,
    "silverfish": 77,
    "skeleton": 78,
    "skeleton_horse": 79,
    "slime": 80,
    "small_fireball": 81,
    "snow_golem": 82,
    "snowball": 83,
    "spectral_arrow": 84,
    "spider": 85,
    "squid": 86,
    "stray": 87,
    "strider": 88,
    "egg": 89,
    "ender_pearl": 90,
    "experience_bottle": 91,
    "potion": 92,
    "trident": 93,
    "trader_llama": 94,
    "tropical_fish": 95,
    "turtle": 96,
    "vex": 97,
    "villager": 98,
    "vindicator": 99,
    "wandering_trader": 100,
    "witch": 101,
    "wither": 102,
    "wither_skeleton": 103,
    "wither_skull": 104,
    "wolf": 105,
    "zoglin": 106,
    "zombie": 107,
    "zombie_horse": 108,
    "zombie_villager": 109,
    "zombified_piglin": 110,
    "player": 111,
    "fishing_bobber": 112
  },
  "V_1_16_2": {
    "area_effect_cloud": 0,
    "armor_stand": 1,
    "arrow": 2,
    "bat": 3,
    "bee": 4,
    "blaze": 5,
    "boat": 6,
    "cat": 7,
    "cave_spider": 8,
    "chicken": 9,
    "cod": 10,
    "cow": 11,
    "creeper": 12,
    "dolphin": 13,
    "donkey": 14,
    "dragon_fireball": 15,
    "drowned": 16,
    "elder_guardian": 17,
    "end_crystal": 18,
    "ender_dragon": 19,
    "enderman": 20,
    "endermite": 21,
    "evoker": 22,
    "evoker_fangs": 23,
    "experience_orb": 24,
    "eye_of_ender": 25,
    "falling_block": 26,
    "firework_rocket": 27,
    "fox": 28,
    "ghast": 29,
    "giant": 30,
    "guardian": 31,
    "hoglin": 32,
    "horse": 33,
    "husk": 34,
    "illusioner": 35,
    "iron_golem": 36,
    "item": 37,
    "item_frame": 38,
    "fireball": 39,
    "leash_knot": 40,
    "lightning_bolt": 41,
    "llama": 42,
    "llama_spit": 43,
    "magma_cube": 44,
    "minecart": 45,
    "chest_minecart": 46,
    "command_block_minecart": 47,
    "furnace_minecart": 48,
    "hopper_minecart": 49,
    "spawner_minecart": 50,
    "tnt_minecart": 51,
    "mule": 52,
    "mooshroom": 53,
    "ocelot": 54,
    "painting": 55,
    "panda": 56,
    "parrot": 57,
    "phantom": 58,
    "pig": 59,
    "piglin": 60,
    "piglin_brute": 61,
    "pillager": 62,
    "polar_bear": 63,
    "tnt": 64,
    "pufferfish": 65,
    "rabbit": 66,
    "ravager": 67,
    "salmon": 68,
    "sheep": 69,
    "shulker": 70,
    "shulker_bullet": 71,
    "silverfish": 72,
    "skeleton": 73,
    "skeleton_horse": 74,
    "slime": 75,
    "small_fireball": 76,
    "snow_golem": 77,
    "snowball": 78,
    "spectral_arrow": 79,
    "spider": 80,
    "squid": 81,
    "stray": 82,
    "strider": 83,
    "egg": 84,
    "ender_pearl": 85,
    "experience_bottle": 86,
    "potion": 87,
    "trident": 88,
    "trader_llama": 89,
    "tropical_fish": 90,
    "turtle": 91,
    "vex": 92,
    "villager": 93,
    "vindicator": 94,
    "wandering_trader": 95,
    "witch": 96,
    "wither": 97,
    "wither_skeleton": 98,
    "wither_skull": 99,
    "wolf": 100,
    "zoglin": 101,
    "zombie": 102,
    "zombie_horse": 103,
    "zombie_villager": 104,
    "zombified_piglin": 105,
    "player": 106,
    "fishing_bobber": 107
  },
  "V_1_16": {
    "area_effect_cloud": 0,
    "armor_stand": 1,
    "arrow": 2,
    "bat": 3,
    "bee": 4,
    "blaze": 5,
    "boat": 6,
    "cat": 7,
    "cave_spider": 8,
    "chicken": 9,
    "cod": 10,
    "cow": 11,
    "creeper": 12,
    "dolphin": 13,
    "donkey": 14,
    "dragon_fireball": 15,
    "drowned": 16,
    "elder_guardian": 17,
    "end_crystal": 18,
    "ender_dragon": 19,
    "enderman": 20,
    "endermite": 21,
    "evoker": 22,
    "evoker_fangs": 23,
    "experience_orb": 24,
    "eye_of_ender": 25,
    "falling_block": 26,
    "firework_rocket": 27,
    "fox": 28,
    "ghast": 29,
    "giant": 30,
    "guardian": 31,
    "hoglin": 32,
    "horse": 33,
    "husk": 34,
    "illusioner": 35,
    "iron_golem": 36,
    "item": 37,
    "item_frame": 38,
    "fireball": 39,
    "leash_knot": 40,
    "lightning_bolt": 41,
    "llama": 42,
    "llama_spit": 43,
    "magma_cube": 44,
    "minecart": 45,
    "chest_minecart": 46,
    "command_block_minecart": 47,
    "furnace_minecart": 48,
    "hopper_minecart": 49,
    "spawner_minecart": 50,
    "tnt_minecart": 51,
    "mule": 52,
    "mooshroom": 53,
    "ocelot": 54,
    "painting": 55,
    "panda": 56,
    "parrot": 57,
    "phantom": 58,
    "pig": 59,
    "piglin": 60,
    "pillager": 61,
    "polar_bear": 62,
    "tnt": 63,
    "pufferfish": 64,
    "rabbit": 65,
    "ravager": 66,
    "salmon": 67,
    "sheep": 68,
    "shulker": 69,
    "shulker_bullet": 70,
    "silverfish": 71,
    "skeleton": 72,
    "skeleton_horse": 73,
    "slime": 74,
    "small_fireball": 75,
    "snow_golem": 76,
    "snowball": 77,
    "spectral_arrow": 78,
    "spider": 79,
    "squid": 80,
    "stray": 81,
    "strider": 82,
    "egg": 83,
    "ender_pearl": 84,
    "experience_bottle": 85,
    "potion": 86,
    "trident": 87,
    "trader_llama": 88,
    "tropical_fish": 89,
    "turtle": 90,
    "vex": 91,
    "villager": 92,
    "vindicator": 93,
    "wandering_trader": 94,
    "witch": 95,
    "wither": 96,
    "wither_skeleton": 97,
    "wither_skull": 98,
    "wolf": 99,
    "zoglin": 100,
    "zombie": 101,
    "zombie_horse": 102,
    "zombie_villager": 103,
    "zombified_piglin": 104,
    "player": 105,
    "fishing_bobber": 106
  },
  "V_1_15": {
    "area_effect_cloud": 0,
    "armor_stand": 1,
    "arrow": 2,
    "bat": 3,
    "bee": 4,
    "blaze": 5,
    "boat": 6,
    "cat": 7,
    "cave_spider": 8,
    "chicken": 9,
    "cod": 10,
    "cow": 11,
    "creeper": 12,
    "donkey": 13,
    "dolphin": 14,
    "dragon_fireball": 15,
    "drowned": 16,
    "elder_guardian": 17,
    "end_crystal": 18,
    "ender_dragon": 19,
    "enderman": 20,
    "endermite": 21,
    "evoker_fangs": 22,
    "evoker": 23,
    "experience_orb": 24,
    "eye_of_ender": 25,
    "falling_block": 26,
    "firework_rocket": 27,
    "fox": 28,
    "ghast": 29,
    "giant": 30,
    "guardian": 31,
    "horse": 32,
    "husk": 33,
    "illusioner": 34,
    "item": 35,
    "item_frame": 36,
    "fireball": 37,
    "leash_knot": 38,
    "llama": 39,
    "llama_spit": 40,
    "magma_cube": 41,
    "minecart": 42,
    "chest_minecart": 43,
    "command_block_minecart": 44,
    "furnace_minecart": 45,
    "hopper_minecart": 46,
    "spawner_minecart": 47,
    "tnt_minecart": 48,
    "mule": 49,
    "mooshroom": 50,
    "ocelot": 51,
    "painting": 52,
    "panda": 53,
    "parrot": 54,
    "pig": 55,
    "pufferfish": 56,
    "zombified_piglin": 57,
    "polar_bear": 58,
    "tnt": 59,
    "rabbit": 60,
    "salmon": 61,
    "sheep": 62,
    "shulker": 63,
    "shulker_bullet": 64,
    "silverfish": 65,
    "skeleton": 66,
    "skeleton_horse": 67,
    "slime": 68,
    "small_fireball": 69,
    "snow_golem": 70,
    "snowball": 71,
    "spectral_arrow": 72,
    "spider": 73,
    "squid": 74,
    "stray": 75,
    "trader_llama": 76,
    "tropical_fish": 77,
    "turtle": 78,
    "egg": 79,
    "ender_pearl": 80,
    "experience_bottle": 81,
    "potion": 82,
    "trident": 83,
    "vex": 84,
    "villager": 85,
    "iron_golem": 86,
    "vindicator": 87,
    "pillager": 88,
    "wandering_trader": 89,
    "witch": 90,
    "wither": 91,
    "wither_skeleton": 92,
    "wither_skull": 93,
    "wolf": 94,
    "zombie": 95,
    "zombie_horse": 96,
    "zombie_villager": 97,
    "phantom": 98,
    "ravager": 99,
    "lightning_bolt": 100,
    "player": 101,
    "fishing_bobber": 102
  },
  "V_1_14": {
    "area_effect_cloud": 0,
    "armor_stand": 1,
    "arrow": 2,
    "bat": 3,
    "blaze": 4,
    "boat": 5,
    "cat": 6,
    "cave_spider": 7,
    "chicken": 8,
    "cod": 9,
    "cow": 10,
    "creeper": 11,
    "donkey": 12,
    "dolphin": 13,
    "dragon_fireball": 14,
    "drowned": 15,
    "elder_guardian": 16,
    "end_crystal": 17,
    "ender_dragon": 18,
    "enderman": 19,
    "endermite": 20,
    "evoker_fangs": 21,
    "evoker": 22,
    "experience_orb": 23,
    "eye_of_ender": 24,
    "falling_block": 25,
    "firework_rocket": 26,
    "fox": 27,
    "ghast": 28,
    "giant": 29,
    "guardian": 30,
    "horse": 31,
    "husk": 32,
    "illusioner": 33,
    "item": 34,
    "item_frame": 35,
    "fireball": 36,
    "leash_knot": 37,
    "llama": 38,
    "llama_spit": 39,
    "magma_cube": 40,
    "minecart": 41,
    "chest_minecart": 42,
    "command_block_minecart": 43,
    "furnace_minecart": 44,
    "hopper_minecart": 45,
    "spawner_minecart": 46,
    "tnt_minecart": 47,
    "mule": 48,
    "mooshroom": 49,
    "ocelot": 50,
    "painting": 51,
    "panda": 52,
    "parrot": 53,
    "pig": 54,
    "pufferfish": 55,
    "zombified_piglin": 56,
    "polar_bear": 57,
    "tnt": 58,
    "rabbit": 59,
    "salmon": 60,
    "sheep": 61,
    "shulker": 62,
    "shulker_bullet": 63,
    "silverfish": 64,
    "skeleton": 65,
    "skeleton_horse": 66,
    "slime": 67,
    "small_fireball": 68,
    "snow_golem": 69,
    "snowball": 70,
    "spectral_arrow": 71,
    "spider": 72,
    "squid": 73,
    "stray": 74,
    "trader_llama": 75,
    "tropical_fish": 76,
    "turtle": 77,
    "egg": 78,
    "ender_pearl": 79,
    "experience_bottle": 80,
    "potion": 81,
    "trident": 82,
    "vex": 83,
    "villager": 84,
    "iron_golem": 85,
    "vindicator": 86,
    "pillager": 87,
    "wandering_trader": 88,
    "witch": 89,
    "wither": 90,
    "wither_skeleton": 91,
    "wither_skull": 92,
    "wolf": 93,
    "zombie": 94,
    "zombie_horse": 95,
    "zombie_villager": 96,
    "phantom": 97,
    "ravager": 98,
    "lightning_bolt": 99,
    "player": 100,
    "fishing_bobber": 101
  },
  "V_1_13": {
    "area_effect_cloud": 0,
    "armor_stand": 1,
    "arrow": 2,
    "bat": 3,
    "blaze": 4,
    "boat": 5,
    "cave_spider": 6,
    "chicken": 7,
    "cod": 8,
    "cow": 9,
    "creeper": 10,
    "donkey": 11,
    "dolphin": 12,
    "dragon_fireball": 13,
    "drowned": 14,
    "elder_guardian": 15,
    "end_crystal": 16,
    "ender_dragon": 17,
    "enderman": 18,
    "endermite": 19,
    "evoker_fangs": 20,
    "evoker": 21,
    "experience_orb": 22,
    "eye_of_ender": 23,
    "falling_block": 24,
    "firework_rocket": 25,
    "ghast": 26,
    "giant": 27,
    "guardian": 28,
    "horse": 29,
    "husk": 30,
    "illusioner": 31,
    "item": 32,
    "item_frame": 33,
    "fireball": 34,
    "leash_knot": 35,
    "llama": 36,
    "llama_spit": 37,
    "magma_cube": 38,
    "minecart": 39,
    "chest_minecart": 40,
    "command_block_minecart": 41,
    "furnace_minecart": 42,
    "hopper_minecart": 43,
    "spawner_minecart": 44,
    "tnt_minecart": 45,
    "mule": 46,
    "mooshroom": 47,
    "ocelot": 48,
    "painting": 49,
    "parrot": 50,
    "pig": 51,
    "pufferfish": 52,
    "zombified_piglin": 53,
    "polar_bear": 54,
    "tnt": 55,
    "rabbit": 56,
    "salmon": 57,
    "sheep": 58,
    "shulker": 59,
    "shulker_bullet": 60,
    "silverfish": 61,
    "skeleton": 62,
    "skeleton_horse": 63,
    "slime": 64,
    "small_fireball": 65,
    "snow_golem": 66,
    "snowball": 67,
    "spectral_arrow": 68,
    "spider": 69,
    "squid": 70,
    "stray": 71,
    "tropical_fish": 72,
    "turtle": 73,
    "egg": 74,
    "ender_pearl": 75,
    "experience_bottle": 76,
    "potion": 77,
    "vex": 78,
    "villager": 79,
    "iron_golem": 80,
    "vindicator": 81,
    "witch": 82,
    "wither": 83,
    "wither_skeleton": 84,
    "wither_skull": 85,
    "wolf": 86,
    "zombie": 87,
    "zombie_horse": 88,
    "zombie_villager": 89,
    "phantom": 90,
    "lightning_bolt": 91,
    "player": 92,
    "fishing_bobber": 93,
    "trident": 94
  },
  "V_1_12": {
    "item": 1,
    "experience_orb": 2,
    "elder_guardian": 4,
    "wither_skeleton": 5,
    "stray": 6,
    "arrow": 10,
    "snowball": 11,
    "fireball": 12,
    "small_fireball": 13,
    "ender_pearl": 14,
    "eye_of_ender": 15,
    "experience_bottle": 17,
    "item_frame": 18,
    "wither_skull": 19,
    "tnt": 20,
    "falling_block": 21,
    "firework_rocket": 22,
    "husk": 23,
    "spectral_arrow": 24,
    "shulker_bullet": 25,
    "dragon_fireball": 26,
    "zombie_villager": 27,
    "skeleton_horse": 28,
    "zombie_horse": 29,
    "armor_stand": 30,
    "donkey": 31,
    "mule": 32,
    "evoker_fangs": 33,
    "evoker": 34,
    "vex": 35,
    "vindicator": 36,
    "illusioner": 37,
    "command_block_minecart": 40,
    "boat": 41,
    "minecart": 42,
    "chest_minecart": 43,
    "furnace_minecart": 44,
    "tnt_minecart": 45,
    "hopper_minecart": 46,
    "spawner_minecart": 47,
    "creeper": 50,
    "skeleton": 51,
    "spider": 52,
    "giant": 53,
    "zombie": 54,
    "slime": 55,
    "ghast": 56,
    "zombified_piglin": 57,
    "enderman": 58,
    "cave_spider": 59,
    "silverfish": 60,
    "blaze": 61,
    "magma_cube": 62,
    "ender_dragon": 63,
    "wither": 64,
    "bat": 65,
    "witch": 66,
    "endermite": 67,
    "guardian": 68,
    "shulker": 69,
    "pig": 90,
    "sheep": 91,
    "cow": 92,
    "chicken": 93,
    "squid": 94,
    "wolf": 95,
    "mooshroom": 96,
    "snow_golem": 97,
    "ocelot": 98,
    "iron_golem": 99,
    "horse": 100,
    "rabbit": 101,
    "polar_bear": 102,
    "llama": 103,
    "parrot": 105,
    "villager": 120,
    "end_crystal": 200
  },
  "V_1_11": {
    "item": 1,
    "experience_orb": 2,
    "elder_guardian": 4,
    "wither_skeleton": 5,
    "stray": 6,
    "arrow": 10,
    "snowball": 11,
    "fireball": 12,
    "small_fireball": 13,
    "ender_pearl": 14,
    "eye_of_ender": 15,
    "experience_bottle": 17,
    "item_frame": 18,
    "wither_skull": 19,
    "tnt": 20,
    "falling_block": 21,
    "firework_rocket": 22,
    "husk": 23,
    "spectral_arrow": 24,
    "shulker_bullet": 25,
    "dragon_fireball": 26,
    "zombie_villager": 27,
    "skeleton_horse": 28,
    "zombie_horse": 29,
    "armor_stand": 30,
    "donkey": 31,
    "mule": 32,
    "evoker_fangs": 33,
    "evoker": 34,
    "vex": 35,
    "vindicator": 36,
    "command_block_minecart": 40,
    "boat": 41,
    "minecart": 42,
    "chest_minecart": 43,
    "furnace_minecart": 44,
    "tnt_minecart": 45,
    "hopper_minecart": 46,
    "spawner_minecart": 47,
    "creeper": 50,
    "skeleton": 51,
    "spider": 52,
    "giant": 53,
    "zombie": 54,
    "slime": 55,
    "ghast": 56,
    "zombified_piglin": 57,
    "enderman": 58,
    "cave_spider": 59,
    "silverfish": 60,
    "blaze": 61,
    "magma_cube": 62,
    "ender_dragon": 63,
    "wither": 64,
    "bat": 65,
    "witch": 66,
    "endermite": 67,
    "guardian": 68,
    "shulker": 69,
    "pig": 90,
    "sheep": 91,
    "cow": 92,
    "chicken": 93,
    "squid": 94,
    "wolf": 95,
    "mooshroom": 96,
    "snow_golem": 97,
    "ocelot": 98,
    "iron_golem": 99,
    "horse": 100,
    "rabbit": 101,
    "polar_bear": 102,
    "llama": 103,
    "villager": 120,
    "end_crystal": 200
  },
  "V_1_10": {
    "item": 1,
    "experience_orb": 2,
    "leash_knot": 8,
    "painting": 9,
    "arrow": 10,
    "snowball": 11,
    "fireball": 12,
    "small_fireball": 13,
    "ender_pearl": 14,
    "eye_of_ender": 15,
    "experience_bottle": 17,
    "item_frame": 18,
    "wither_skull": 19,
    "tnt": 20,
    "falling_block": 21,
    "firework_rocket": 22,
    "tipped_arrow": 23,
    "spectral_arrow": 24,
    "shulker_bullet": 25,
    "dragon_fireball": 26,
    "armor_stand": 30,
    "command_block_minecart": 40,
    "boat": 41,
    "minecart": 42,
    "chest_minecart": 43,
    "furnace_minecart": 44,
    "tnt_minecart": 45,
    "hopper_minecart": 46,
    "spawner_minecart": 47,
    "creeper": 50,
    "skeleton": 51,
    "stray": 51,
    "husk": 51,
    "spider": 52,
    "giant": 53,
    "zombie": 54,
    "slime": 55,
    "ghast": 56,
    "zombified_piglin": 57,
    "enderman": 58,
    "cave_spider": 59,
    "silverfish": 60,
    "blaze": 61,
    "magma_cube": 62,
    "ender_dragon": 63,
    "wither": 64,
    "bat": 65,
    "witch": 66,
    "endermite": 67,
    "guardian": 68,
    "shulker": 69,
    "pig": 90,
    "sheep": 91,
    "cow": 92,
    "chicken": 93,
    "squid": 94,
    "wolf": 95,
    "mooshroom": 96,
    "snow_golem": 97,
    "ocelot": 98,
    "iron_golem": 99,
    "horse": 100,
    "rabbit": 101,
    "polar_bear": 102,
    "villager": 120,
    "end_crystal": 200
  }
}
