{
  "V_1_8": {
    "item": 2,
    "minecart": 10,
    "chest_minecart": 10,
    "furnace_minecart": 10,
    "tnt_minecart": 10,
    "hopper_minecart": 10,
    "spawner_minecart": 10,
    "boat": 1,
    "fishing_bobber": 90,
    "arrow": 60,
    "snowball": 61,
    "potion": 73,
    "experience_bottle": 75,
    "ender_pearl": 65,
    "eye_of_ender": 72,
    "firework_rocket": 76,
    "fireball": 63,
    "small_fireball": 64,
    "wither_skull": 66,
    "egg": 62,
    "tnt": 50,
    "end_crystal": 51,
    "falling_block": 70,
    "armor_stand": 78,
    "item_frame": 71,
    "leash_knot": 77
  },
  "V_1_9": {
    "item": 2,
    "minecart": 10,
    "chest_minecart": 10,
    "furnace_minecart": 10,
    "tnt_minecart": 10,
    "hopper_minecart": 10,
    "spawner_minecart": 10,
    "boat": 1,
    "fishing_bobber": 90,
    "spectral_arrow": 91,
    "tipped_arrow": 60,
    "snowball": 61,
    "potion": 73,
    "experience_bottle": 75,
    "ender_pearl": 65,
    "eye_of_ender": 72,
    "firework_rocket": 76,
    "fireball": 63,
    "small_fireball": 64,
    "dragon_fireball": 93,
    "wither_skull": 66,
    "shulker_bullet": 67,
    "egg": 62,
    "tnt": 50,
    "end_crystal": 51,
    "falling_block": 70,
    "armor_stand": 78,
    "item_frame": 71,
    "leash_knot": 77,
    "area_effect_cloud": 3
  },
  "V_1_10": {
    "item": 2,
    "minecart": 10,
    "chest_minecart": 10,
    "furnace_minecart": 10,
    "tnt_minecart": 10,
    "hopper_minecart": 10,
    "spawner_minecart": 10,
    "boat": 1,
    "fishing_bobber": 90,
    "spectral_arrow": 91,
    "tipped_arrow": 60,
    "snowball": 61,
    "potion": 73,
    "experience_bottle": 75,
    "ender_pearl": 65,
    "eye_of_ender": 72,
    "firework_rocket": 76,
    "fireball": 63,
    "small_fireball": 64,
    "dragon_fireball": 93,
    "wither_skull": 66,
    "shulker_bullet": 67,
    "egg": 62,
    "tnt": 50,
    "end_crystal": 51,
    "falling_block": 70,
    "armor_stand": 78,
    "item_frame": 71,
    "leash_knot": 77,
    "area_effect_cloud": 3
  },
  "V_1_11": {
    "item": 2,
    "minecart": 10,
    "chest_minecart": 10,
    "furnace_minecart": 10,
    "tnt_minecart": 10,
    "hopper_minecart": 10,
    "spawner_minecart": 10,
    "boat": 1,
    "fishing_bobber": 90,
    "spectral_arrow": 91,
    "tipped_arrow": 60,
    "snowball": 61,
    "llama_spit": 68,
    "potion": 73,
    "experience_bottle": 75,
    "ender_pearl": 65,
    "eye_of_ender": 72,
    "firework_rocket": 76,
    "fireball": 63,
    "small_fireball": 64,
    "dragon_fireball": 93,
    "wither_skull": 66,
    "shulker_bullet": 67,
    "egg": 62,
    "evoker_fangs": 79,
    "tnt": 50,
    "end_crystal": 51,
    "falling_block": 70,
    "armor_stand": 78,
    "item_frame": 71,
    "leash_knot": 77,
    "area_effect_cloud": 3
  },
  "V_1_12": {
    "item": 2,
    "minecart": 10,
    "chest_minecart": 10,
    "furnace_minecart": 10,
    "tnt_minecart": 10,
    "hopper_minecart": 10,
    "spawner_minecart": 10,
    "boat": 1,
    "fishing_bobber": 90,
    "spectral_arrow": 91,
    "tipped_arrow": 60,
    "snowball": 61,
    "llama_spit": 68,
    "potion": 73,
    "experience_bottle": 75,
    "ender_pearl": 65,
    "eye_of_ender": 72,
    "firework_rocket": 76,
    "fireball": 63,
    "small_fireball": 64,
    "dragon_fireball": 93,
    "wither_skull": 66,
    "shulker_bullet": 67,
    "egg": 62,
    "evoker_fangs": 79,
    "tnt": 50,
    "end_crystal": 51,
    "falling_block": 70,
    "armor_stand": 78,
    "item_frame": 71,
    "leash_knot": 77,
    "area_effect_cloud": 3
  },
  "V_1_13": {
    "item": 2,
    "minecart": 10,
    "chest_minecart": 10,
    "furnace_minecart": 10,
    "tnt_minecart": 10,
    "hopper_minecart": 10,
    "boat": 1,
    "fishing_bobber": 90,
    "spectral_arrow": 91,
    "tipped_arrow": 60,
    "snowball": 61,
    "trident": 94,
    "llama_spit": 68,
    "potion": 73,
    "experience_bottle": 75,
    "ender_pearl": 65,
    "eye_of_ender": 72,
    "firework_rocket": 76,
    "fireball": 63,
    "small_fireball": 64,
    "dragon_fireball": 93,
    "wither_skull": 66,
    "shulker_bullet": 67,
    "egg": 62,
    "evoker_fangs": 79,
    "tnt": 50,
    "end_crystal": 51,
    "falling_block": 70,
    "armor_stand": 78,
    "item_frame": 71,
    "leash_knot": 77,
    "area_effect_cloud": 3
  }
}